<pkgref spec="1.12" uuid="E436F00E-1E86-4640-A12B-B44357D4EA0E"><config><identifier>com.CloudMade.cloudmadeIphoneSdk.CloudMadeMap.pkg</identifier><version>1.0</version><description></description><post-install type="none"/><requireAuthorization/><installFrom relative="true" mod="true">../CloudMadeMap</installFrom><installTo mod="true">/Developer/Platforms/iPhoneOS.platform/Developer/Library/Xcode/Project Templates/Application/CloudMade iPhone SDK</installTo><flags><followSymbolicLinks/></flags><packageStore type="internal"></packageStore><mod>installTo</mod><mod>relocatable</mod><mod>installFrom.path</mod><mod>scripts.preinstall.path</mod><mod>parent</mod><mod>installTo.path</mod><mod>installFrom.isRelativeType</mod></config></pkgref>