<pkgref spec="1.12" uuid="634DC04E-4112-44E4-823A-42F7A6DF238B"><config><identifier>com.CloudMade.cloudmadeIphoneSdk.CloudMade_iOS.pkg</identifier><version>1.0</version><description/><post-install type="none"/><requireAuthorization/><installFrom relative="true" includeRoot="true">../../install/Help/CloudMade_iOS.docset</installFrom><installTo mod="true">~/Library/Developer/Shared/Documentation/DocSets</installTo><flags><followSymbolicLinks/></flags><packageStore type="internal"/><mod>installFrom.isRelativeType</mod><mod>installTo.path</mod><mod>parent</mod><mod>installTo</mod></config><contents><file-list>02cloudmade-contents.xml</file-list><component id="com.cloudmade.cloudmadeiossdk.CloudMade-iOS-SDK" path="/Users/rkapshuk/Cloudmade/trash/CloudMade-iPhone-SDK/install/Help/CloudMade_iOS.docset" version="1.0"/><filter>/CVS$</filter><filter>/\.svn$</filter><filter>/\.cvsignore$</filter><filter>/\.cvspass$</filter><filter>/\.DS_Store$</filter></contents></pkgref>