<pkg-contents spec="1.12"><f n="CloudMade_iOS.docset" o="rkapshuk" g="staff" p="16877" pt="/Users/rkapshuk/Cloudmade/trash/CloudMade-iPhone-SDK/install/Help/CloudMade_iOS.docset" m="false" t="file"><f n="Contents" o="rkapshuk" g="staff" p="16877"><f n="Info.plist" o="rkapshuk" g="staff" p="33188"/><f n="Resources" o="rkapshuk" g="staff" p="16877"><f n="docSet.dsidx" o="rkapshuk" g="staff" p="33188"/><f n="docSet.mom" o="rkapshuk" g="staff" p="33188"/><f n="docSet.skidx" o="rkapshuk" g="staff" p="33188"/><f n="docSet.toc" o="rkapshuk" g="staff" p="33188"/><f n="Documents" o="rkapshuk" g="staff" p="16877"><f n="Classes" o="rkapshuk" g="staff" p="16877"><f n="BBox.html" o="rkapshuk" g="staff" p="33188"/><f n="CMBannerView.html" o="rkapshuk" g="staff" p="33188"/><f n="CMCurrentLocationMarker.html" o="rkapshuk" g="staff" p="33188"/><f n="CMGeocoder.html" o="rkapshuk" g="staff" p="33188"/><f n="CMGeosearchOptionalParamaters.html" o="rkapshuk" g="staff" p="33188"/><f n="CMGeosearchRequestParams.html" o="rkapshuk" g="staff" p="33188"/><f n="CMLBAManager.html" o="rkapshuk" g="staff" p="33188"/><f n="CMLocation.html" o="rkapshuk" g="staff" p="33188"/><f n="CMOldGeocodingCoverage.html" o="rkapshuk" g="staff" p="33188"/><f n="CMRoute.html" o="rkapshuk" g="staff" p="33188"/><f n="CMRouteInstruction.html" o="rkapshuk" g="staff" p="33188"/><f n="CMRouteSummary.html" o="rkapshuk" g="staff" p="33188"/><f n="CMRoutingManager.html" o="rkapshuk" g="staff" p="33188"/><f n="CMSearchParameters.html" o="rkapshuk" g="staff" p="33188"/><f n="GeocoderManager.html" o="rkapshuk" g="staff" p="33188"/><f n="GeoCodingJsonParser.html" o="rkapshuk" g="staff" p="33188"/><f n="GeoCodingRequest.html" o="rkapshuk" g="staff" p="33188"/><f n="GeoCoordinates.html" o="rkapshuk" g="staff" p="33188"/><f n="GetDataFromServer.html" o="rkapshuk" g="staff" p="33188"/><f n="ILocationsBase.html" o="rkapshuk" g="staff" p="33188"/><f n="Location.html" o="rkapshuk" g="staff" p="33188"/><f n="PlaceMarker.html" o="rkapshuk" g="staff" p="33188"/><f n="PostDataToServer.html" o="rkapshuk" g="staff" p="33188"/><f n="RMCachedTileSource.html" o="rkapshuk" g="staff" p="33188"/><f n="RMCloudMadeMapSource.html" o="rkapshuk" g="staff" p="33188"/><f n="RMFileTileImage.html" o="rkapshuk" g="staff" p="33188"/><f n="RMFractalTileProjection.html" o="rkapshuk" g="staff" p="33188"/><f n="RMLayerCollection.html" o="rkapshuk" g="staff" p="33188"/><f n="RMMapContents.html" o="rkapshuk" g="staff" p="33188"/><f n="RMMapView.html" o="rkapshuk" g="staff" p="33188"/><f n="RMMarker.html" o="rkapshuk" g="staff" p="33188"/><f n="RMMemoryCache.html" o="rkapshuk" g="staff" p="33188"/><f n="RMMercatorToScreenProjection.html" o="rkapshuk" g="staff" p="33188"/><f n="RMOpenAerialMapSource.html" o="rkapshuk" g="staff" p="33188"/><f n="RMOpenStreetMapSource.html" o="rkapshuk" g="staff" p="33188"/><f n="RMPath.html" o="rkapshuk" g="staff" p="33188"/><f n="RMProjection.html" o="rkapshuk" g="staff" p="33188"/><f n="RMTileCache.html" o="rkapshuk" g="staff" p="33188"/><f n="RMTileCacheDAO.html" o="rkapshuk" g="staff" p="33188"/><f n="RMTiledLayerController.html" o="rkapshuk" g="staff" p="33188"/><f n="RMTileImage.html" o="rkapshuk" g="staff" p="33188"/><f n="RMTileImageSet.html" o="rkapshuk" g="staff" p="33188"/><f n="RMTileLoader.html" o="rkapshuk" g="staff" p="33188"/><f n="RMTileProxy.html" o="rkapshuk" g="staff" p="33188"/><f n="RMVirtualEarthSource.html" o="rkapshuk" g="staff" p="33188"/><f n="RMWebTileImage.html" o="rkapshuk" g="staff" p="33188"/><f n="RMYahooMapSource.html" o="rkapshuk" g="staff" p="33188"/><f n="RouteSummary.html" o="rkapshuk" g="staff" p="33188"/><f n="TokenManager.html" o="rkapshuk" g="staff" p="33188"/><f n="UserRegistration.html" o="rkapshuk" g="staff" p="33188"/></f><f n="css" o="rkapshuk" g="staff" p="16877"><f n="styles.css" o="rkapshuk" g="staff" p="33188"/><f n="stylesPrint.css" o="rkapshuk" g="staff" p="33188"/></f><f n="hierarchy.html" o="rkapshuk" g="staff" p="33188"/><f n="img" o="rkapshuk" g="staff" p="16877"><f n="button_bar_background.png" o="rkapshuk" g="staff" p="33188"/><f n="disclosure.png" o="rkapshuk" g="staff" p="33188"/><f n="disclosure_open.png" o="rkapshuk" g="staff" p="33188"/><f n="library_background.png" o="rkapshuk" g="staff" p="33188"/><f n="title_background.png" o="rkapshuk" g="staff" p="33188"/></f><f n="index.html" o="rkapshuk" g="staff" p="33188"/><f n="Protocols" o="rkapshuk" g="staff" p="16877"><f n="AuthorizationResponse.html" o="rkapshuk" g="staff" p="33188"/><f n="CMGeocoderDelegate.html" o="rkapshuk" g="staff" p="33188"/><f n="CMLBABannerDelegate.html" o="rkapshuk" g="staff" p="33188"/><f n="CMLBAManagerDelegate.html" o="rkapshuk" g="staff" p="33188"/><f n="CMRoutingManagerDelegate.html" o="rkapshuk" g="staff" p="33188"/><f n="GeoCoderDelegate.html" o="rkapshuk" g="staff" p="33188"/><f n="PlaceMarkerDelegate.html" o="rkapshuk" g="staff" p="33188"/><f n="RMMapContentsFacade.html" o="rkapshuk" g="staff" p="33188"/><f n="RMMapViewDelegate.html" o="rkapshuk" g="staff" p="33188"/><f n="RMMercatorToTileProjection.html" o="rkapshuk" g="staff" p="33188"/><f n="RMTileCache.html" o="rkapshuk" g="staff" p="33188"/><f n="RMTileSource.html" o="rkapshuk" g="staff" p="33188"/><f n="ServerResponse.html" o="rkapshuk" g="staff" p="33188"/><f n="ServiceRequestResult.html" o="rkapshuk" g="staff" p="33188"/></f></f><f n="Nodes.xml" o="rkapshuk" g="staff" p="33188"/><f n="Tokens1.xml" o="rkapshuk" g="staff" p="33188"/><f n="Tokens10.xml" o="rkapshuk" g="staff" p="33188"/><f n="Tokens11.xml" o="rkapshuk" g="staff" p="33188"/><f n="Tokens12.xml" o="rkapshuk" g="staff" p="33188"/><f n="Tokens13.xml" o="rkapshuk" g="staff" p="33188"/><f n="Tokens14.xml" o="rkapshuk" g="staff" p="33188"/><f n="Tokens15.xml" o="rkapshuk" g="staff" p="33188"/><f n="Tokens16.xml" o="rkapshuk" g="staff" p="33188"/><f n="Tokens17.xml" o="rkapshuk" g="staff" p="33188"/><f n="Tokens18.xml" o="rkapshuk" g="staff" p="33188"/><f n="Tokens19.xml" o="rkapshuk" g="staff" p="33188"/><f n="Tokens2.xml" o="rkapshuk" g="staff" p="33188"/><f n="Tokens20.xml" o="rkapshuk" g="staff" p="33188"/><f n="Tokens21.xml" o="rkapshuk" g="staff" p="33188"/><f n="Tokens22.xml" o="rkapshuk" g="staff" p="33188"/><f n="Tokens23.xml" o="rkapshuk" g="staff" p="33188"/><f n="Tokens24.xml" o="rkapshuk" g="staff" p="33188"/><f n="Tokens25.xml" o="rkapshuk" g="staff" p="33188"/><f n="Tokens26.xml" o="rkapshuk" g="staff" p="33188"/><f n="Tokens27.xml" o="rkapshuk" g="staff" p="33188"/><f n="Tokens28.xml" o="rkapshuk" g="staff" p="33188"/><f n="Tokens29.xml" o="rkapshuk" g="staff" p="33188"/><f n="Tokens3.xml" o="rkapshuk" g="staff" p="33188"/><f n="Tokens30.xml" o="rkapshuk" g="staff" p="33188"/><f n="Tokens31.xml" o="rkapshuk" g="staff" p="33188"/><f n="Tokens32.xml" o="rkapshuk" g="staff" p="33188"/><f n="Tokens33.xml" o="rkapshuk" g="staff" p="33188"/><f n="Tokens34.xml" o="rkapshuk" g="staff" p="33188"/><f n="Tokens35.xml" o="rkapshuk" g="staff" p="33188"/><f n="Tokens36.xml" o="rkapshuk" g="staff" p="33188"/><f n="Tokens37.xml" o="rkapshuk" g="staff" p="33188"/><f n="Tokens38.xml" o="rkapshuk" g="staff" p="33188"/><f n="Tokens39.xml" o="rkapshuk" g="staff" p="33188"/><f n="Tokens4.xml" o="rkapshuk" g="staff" p="33188"/><f n="Tokens40.xml" o="rkapshuk" g="staff" p="33188"/><f n="Tokens41.xml" o="rkapshuk" g="staff" p="33188"/><f n="Tokens42.xml" o="rkapshuk" g="staff" p="33188"/><f n="Tokens43.xml" o="rkapshuk" g="staff" p="33188"/><f n="Tokens44.xml" o="rkapshuk" g="staff" p="33188"/><f n="Tokens45.xml" o="rkapshuk" g="staff" p="33188"/><f n="Tokens46.xml" o="rkapshuk" g="staff" p="33188"/><f n="Tokens47.xml" o="rkapshuk" g="staff" p="33188"/><f n="Tokens48.xml" o="rkapshuk" g="staff" p="33188"/><f n="Tokens49.xml" o="rkapshuk" g="staff" p="33188"/><f n="Tokens5.xml" o="rkapshuk" g="staff" p="33188"/><f n="Tokens50.xml" o="rkapshuk" g="staff" p="33188"/><f n="Tokens51.xml" o="rkapshuk" g="staff" p="33188"/><f n="Tokens52.xml" o="rkapshuk" g="staff" p="33188"/><f n="Tokens53.xml" o="rkapshuk" g="staff" p="33188"/><f n="Tokens54.xml" o="rkapshuk" g="staff" p="33188"/><f n="Tokens55.xml" o="rkapshuk" g="staff" p="33188"/><f n="Tokens56.xml" o="rkapshuk" g="staff" p="33188"/><f n="Tokens57.xml" o="rkapshuk" g="staff" p="33188"/><f n="Tokens58.xml" o="rkapshuk" g="staff" p="33188"/><f n="Tokens59.xml" o="rkapshuk" g="staff" p="33188"/><f n="Tokens6.xml" o="rkapshuk" g="staff" p="33188"/><f n="Tokens60.xml" o="rkapshuk" g="staff" p="33188"/><f n="Tokens61.xml" o="rkapshuk" g="staff" p="33188"/><f n="Tokens62.xml" o="rkapshuk" g="staff" p="33188"/><f n="Tokens63.xml" o="rkapshuk" g="staff" p="33188"/><f n="Tokens64.xml" o="rkapshuk" g="staff" p="33188"/><f n="Tokens7.xml" o="rkapshuk" g="staff" p="33188"/><f n="Tokens8.xml" o="rkapshuk" g="staff" p="33188"/><f n="Tokens9.xml" o="rkapshuk" g="staff" p="33188"/></f></f></f></pkg-contents>