<pkmkdoc spec="1.12"><properties><title>CloudMade iPhone SDK</title><build>/Users/pigeon/projects/route-me/samples/CloudMadeAPI/pkg/res/CloudMade iPhone SDK Installer.pkg</build><organization>com.CloudMade</organization><userSees ui="both"/><min-target os="3"/><domain anywhere="true"/></properties><distribution><versions min-spec="1.000000"/><scripts></scripts></distribution><contents><choice title="CloudMade iPhone SDK" id="choice3" starts_selected="true" starts_enabled="true" starts_hidden="false"><pkgref id="com.CloudMade.cloudmadeIphoneSdk.CloudMadeMap.pkg"/></choice><choice title="CloudMade_iOS" id="choice5" starts_selected="true" starts_enabled="true" starts_hidden="false"><pkgref id="com.CloudMade.cloudmadeIphoneSdk.CloudMade_iOS.pkg"/></choice></contents><resources bg-scale="none" bg-align="topleft"><locale lang="en"><resource relative="true" mod="true" type="welcome">pkg/res/intro.rtf</resource><resource relative="true" mod="true" type="conclusion">pkg/res/finish.rtf</resource></locale></resources><requirements><requirement id="scri" operator="eq" value="true" required="false"><file>/Users/user/xxx/installation(2)/installation/killSimulator.sh</file><message-title>Warning</message-title><message>This installation will now close the iPhone Simulator application if it is running</message></requirement></requirements><flags/><item type="file">01cloudmademap.xml</item><item type="file">02cloudmade.xml</item><mod>preinstallActions.actions</mod><mod>properties.systemDomain</mod><mod>properties.title</mod><mod>properties.anywhereDomain</mod><mod>postinstallActions.actions</mod></pkmkdoc>